{"meta": {"format": 3, "version": "7.6.1", "timestamp": "2025-01-18T20:44:04.559864", "branch_coverage": false, "show_contexts": false}, "files": {"ratelimit_io/__init__.py": {"executed_lines": [1, 2, 3, 4, 5, 7], "summary": {"covered_lines": 6, "num_statements": 6, "percent_covered": 100.0, "percent_covered_display": "100", "missing_lines": 0, "excluded_lines": 0}, "missing_lines": [], "excluded_lines": [], "functions": {"": {"executed_lines": [1, 2, 3, 4, 5, 7], "summary": {"covered_lines": 6, "num_statements": 6, "percent_covered": 100.0, "percent_covered_display": "100", "missing_lines": 0, "excluded_lines": 0}, "missing_lines": [], "excluded_lines": []}}, "classes": {"": {"executed_lines": [1, 2, 3, 4, 5, 7], "summary": {"covered_lines": 6, "num_statements": 6, "percent_covered": 100.0, "percent_covered_display": "100", "missing_lines": 0, "excluded_lines": 0}, "missing_lines": [], "excluded_lines": []}}}, "ratelimit_io/rate_limit.py": {"executed_lines": [1, 2, 3, 4, 5, 6, 7, 9, 10, 11, 12, 13, 15, 18, 19, 21, 33, 34, 35, 38, 39, 41, 53, 56, 57, 59, 71, 74, 75, 77, 96, 97, 99, 100, 101, 102, 104, 105, 110, 117, 118, 119, 120, 121, 122, 123, 124, 126, 133, 136, 137, 139, 163, 164, 166, 167, 168, 169, 171, 186, 187, 189, 212, 213, 214, 219, 221, 224, 225, 226, 234, 235, 236, 237, 238, 242, 244, 245, 246, 254, 255, 256, 257, 258, 262, 264, 270, 272, 279, 280, 282, 299, 302, 327, 328, 332, 334, 336, 338, 339, 340, 341, 343, 344, 346, 347, 351, 352, 354, 379, 384, 386, 388, 390, 391, 395, 396, 398, 399, 401, 405, 409, 410, 412, 439, 446, 447, 452, 454, 465, 466, 475, 476, 477, 478, 487, 488, 490, 503, 504, 513, 514, 515, 516, 525, 526, 528, 538, 540, 542, 543, 546, 547, 548, 549, 550, 552, 554, 555, 558, 559, 560, 561, 562], "summary": {"covered_lines": 159, "num_statements": 164, "percent_covered": 96.95121951219512, "percent_covered_display": "97", "missing_lines": 5, "excluded_lines": 0}, "missing_lines": [239, 259, 348, 380, 406], "excluded_lines": [], "functions": {"RatelimitIOError.__init__": {"executed_lines": [33, 34, 35], "summary": {"covered_lines": 3, "num_statements": 3, "percent_covered": 100.0, "percent_covered_display": "100", "missing_lines": 0, "excluded_lines": 0}, "missing_lines": [], "excluded_lines": []}, "RatelimitExceededError.__init__": {"executed_lines": [53], "summary": {"covered_lines": 1, "num_statements": 1, "percent_covered": 100.0, "percent_covered_display": "100", "missing_lines": 0, "excluded_lines": 0}, "missing_lines": [], "excluded_lines": []}, "ScriptLoadError.__init__": {"executed_lines": [71], "summary": {"covered_lines": 1, "num_statements": 1, "percent_covered": 100.0, "percent_covered_display": "100", "missing_lines": 0, "excluded_lines": 0}, "missing_lines": [], "excluded_lines": []}, "LimitSpec.__init__": {"executed_lines": [96, 97, 99, 100, 101, 102, 104, 105], "summary": {"covered_lines": 8, "num_statements": 8, "percent_covered": 100.0, "percent_covered_display": "100", "missing_lines": 0, "excluded_lines": 0}, "missing_lines": [], "excluded_lines": []}, "LimitSpec.total_seconds": {"executed_lines": [117, 118, 119, 120, 121, 122, 123, 124], "summary": {"covered_lines": 8, "num_statements": 8, "percent_covered": 100.0, "percent_covered_display": "100", "missing_lines": 0, "excluded_lines": 0}, "missing_lines": [], "excluded_lines": []}, "LimitSpec.__str__": {"executed_lines": [133], "summary": {"covered_lines": 1, "num_statements": 1, "percent_covered": 100.0, "percent_covered_display": "100", "missing_lines": 0, "excluded_lines": 0}, "missing_lines": [], "excluded_lines": []}, "RatelimitIO.__init__": {"executed_lines": [163, 164, 166, 167, 168, 169, 171, 186, 187], "summary": {"covered_lines": 9, "num_statements": 9, "percent_covered": 100.0, "percent_covered_display": "100", "missing_lines": 0, "excluded_lines": 0}, "missing_lines": [], "excluded_lines": []}, "RatelimitIO.__call__": {"executed_lines": [212, 213, 214, 219, 221, 224, 270], "summary": {"covered_lines": 7, "num_statements": 7, "percent_covered": 100.0, "percent_covered_display": "100", "missing_lines": 0, "excluded_lines": 0}, "missing_lines": [], "excluded_lines": []}, "RatelimitIO.__call__.decorator": {"executed_lines": [225, 244, 245, 264], "summary": {"covered_lines": 4, "num_statements": 4, "percent_covered": 100.0, "percent_covered_display": "100", "missing_lines": 0, "excluded_lines": 0}, "missing_lines": [], "excluded_lines": []}, "RatelimitIO.__call__.decorator.async_wrapper": {"executed_lines": [226, 234, 235, 236, 237, 238, 242], "summary": {"covered_lines": 7, "num_statements": 8, "percent_covered": 87.5, "percent_covered_display": "88", "missing_lines": 1, "excluded_lines": 0}, "missing_lines": [239], "excluded_lines": []}, "RatelimitIO.__call__.decorator.sync_wrapper": {"executed_lines": [246, 254, 255, 256, 257, 258, 262], "summary": {"covered_lines": 7, "num_statements": 8, "percent_covered": 87.5, "percent_covered_display": "88", "missing_lines": 1, "excluded_lines": 0}, "missing_lines": [259], "excluded_lines": []}, "RatelimitIO.__aenter__": {"executed_lines": [279, 280], "summary": {"covered_lines": 2, "num_statements": 2, "percent_covered": 100.0, "percent_covered_display": "100", "missing_lines": 0, "excluded_lines": 0}, "missing_lines": [], "excluded_lines": []}, "RatelimitIO.__aexit__": {"executed_lines": [299], "summary": {"covered_lines": 1, "num_statements": 1, "percent_covered": 100.0, "percent_covered_display": "100", "missing_lines": 0, "excluded_lines": 0}, "missing_lines": [], "excluded_lines": []}, "RatelimitIO.wait": {"executed_lines": [327, 328, 332, 334, 336, 338, 339, 340, 341, 343, 344, 346, 347, 351, 352], "summary": {"covered_lines": 15, "num_statements": 16, "percent_covered": 93.75, "percent_covered_display": "94", "missing_lines": 1, "excluded_lines": 0}, "missing_lines": [348], "excluded_lines": []}, "RatelimitIO.a_wait": {"executed_lines": [379, 384, 386, 388, 390, 391, 395, 396, 398, 399, 401, 405, 409, 410], "summary": {"covered_lines": 14, "num_statements": 16, "percent_covered": 87.5, "percent_covered_display": "88", "missing_lines": 2, "excluded_lines": 0}, "missing_lines": [380, 406], "excluded_lines": []}, "RatelimitIO._prepare_key": {"executed_lines": [439, 446, 447, 452], "summary": {"covered_lines": 4, "num_statements": 4, "percent_covered": 100.0, "percent_covered_display": "100", "missing_lines": 0, "excluded_lines": 0}, "missing_lines": [], "excluded_lines": []}, "RatelimitIO._enforce_limit_sync": {"executed_lines": [465, 466, 475, 476, 477, 478, 487, 488], "summary": {"covered_lines": 8, "num_statements": 8, "percent_covered": 100.0, "percent_covered_display": "100", "missing_lines": 0, "excluded_lines": 0}, "missing_lines": [], "excluded_lines": []}, "RatelimitIO._enforce_limit_async": {"executed_lines": [503, 504, 513, 514, 515, 516, 525, 526], "summary": {"covered_lines": 8, "num_statements": 8, "percent_covered": 100.0, "percent_covered_display": "100", "missing_lines": 0, "excluded_lines": 0}, "missing_lines": [], "excluded_lines": []}, "RatelimitIO._generate_key": {"executed_lines": [538], "summary": {"covered_lines": 1, "num_statements": 1, "percent_covered": 100.0, "percent_covered_display": "100", "missing_lines": 0, "excluded_lines": 0}, "missing_lines": [], "excluded_lines": []}, "RatelimitIO._ensure_script_loaded_sync": {"executed_lines": [542, 543, 546, 547, 548, 549, 550], "summary": {"covered_lines": 7, "num_statements": 7, "percent_covered": 100.0, "percent_covered_display": "100", "missing_lines": 0, "excluded_lines": 0}, "missing_lines": [], "excluded_lines": []}, "RatelimitIO._ensure_script_loaded_async": {"executed_lines": [554, 555, 558, 559, 560, 561, 562], "summary": {"covered_lines": 7, "num_statements": 7, "percent_covered": 100.0, "percent_covered_display": "100", "missing_lines": 0, "excluded_lines": 0}, "missing_lines": [], "excluded_lines": []},