{"meta": {"format": 3, "version": "7.6.1", "timestamp": "2025-01-16T09:24:13.327665", "branch_coverage": false, "show_contexts": false}, "files": {"ratelimit_io/__init__.py": {"executed_lines": [1, 2, 3, 5], "summary": {"covered_lines": 4, "num_statements": 4, "percent_covered": 100.0, "percent_covered_display": "100", "missing_lines": 0, "excluded_lines": 0}, "missing_lines": [], "excluded_lines": [], "functions": {"": {"executed_lines": [1, 2, 3, 5], "summary": {"covered_lines": 4, "num_statements": 4, "percent_covered": 100.0, "percent_covered_display": "100", "missing_lines": 0, "excluded_lines": 0}, "missing_lines": [], "excluded_lines": []}}, "classes": {"": {"executed_lines": [1, 2, 3, 5], "summary": {"covered_lines": 4, "num_statements": 4, "percent_covered": 100.0, "percent_covered_display": "100", "missing_lines": 0, "excluded_lines": 0}, "missing_lines": [], "excluded_lines": []}}}, "ratelimit_io/rate_limit.py": {"executed_lines": [1, 2, 3, 4, 5, 7, 8, 9, 10, 11, 14, 15, 17, 22, 23, 24, 27, 28, 38, 45, 46, 48, 49, 50, 51, 53, 54, 59, 66, 67, 68, 69, 70, 71, 72, 73, 75, 76, 79, 80, 82, 102, 103, 105, 106, 107, 108, 109, 111, 126, 127, 129, 149, 150, 152, 153, 154, 159, 160, 161, 162, 170, 171, 172, 173, 174, 178, 180, 181, 182, 190, 191, 192, 193, 194, 198, 200, 206, 208, 210, 211, 213, 215, 217, 219, 220, 222, 224, 226, 251, 252, 254, 256, 258, 260, 261, 262, 263, 265, 266, 268, 269, 273, 274, 276, 301, 304, 306, 308, 310, 311, 315, 316, 318, 319, 321, 325, 329, 330, 332, 360, 368, 369, 370, 372, 374, 385, 386, 393, 394, 395, 396, 397, 404, 410, 423, 424, 431, 432, 433, 434, 435, 442, 448, 458, 460, 462, 465, 466, 468, 470, 471, 472], "summary": {"covered_lines": 150, "num_statements": 159, "percent_covered": 94.33962264150944, "percent_covered_display": "94", "missing_lines": 9, "excluded_lines": 0}, "missing_lines": [175, 195, 270, 302, 326, 405, 406, 443, 444], "excluded_lines": [], "functions": {"RatelimitIOError.__init__": {"executed_lines": [22, 23, 24], "summary": {"covered_lines": 3, "num_statements": 3, "percent_covered": 100.0, "percent_covered_display": "100", "missing_lines": 0, "excluded_lines": 0}, "missing_lines": [], "excluded_lines": []}, "LimitSpec.__init__": {"executed_lines": [45, 46, 48, 49, 50, 51, 53, 54], "summary": {"covered_lines": 8, "num_statements": 8, "percent_covered": 100.0, "percent_covered_display": "100", "missing_lines": 0, "excluded_lines": 0}, "missing_lines": [], "excluded_lines": []}, "LimitSpec.total_seconds": {"executed_lines": [66, 67, 68, 69, 70, 71, 72, 73], "summary": {"covered_lines": 8, "num_statements": 8, "percent_covered": 100.0, "percent_covered_display": "100", "missing_lines": 0, "excluded_lines": 0}, "missing_lines": [], "excluded_lines": []}, "LimitSpec.__str__": {"executed_lines": [76], "summary": {"covered_lines": 1, "num_statements": 1, "percent_covered": 100.0, "percent_covered_display": "100", "missing_lines": 0, "excluded_lines": 0}, "missing_lines": [], "excluded_lines": []}, "RatelimitIO.__init__": {"executed_lines": [102, 103, 105, 106, 107, 108, 109, 111, 126, 127], "summary": {"covered_lines": 10, "num_statements": 10, "percent_covered": 100.0, "percent_covered_display": "100", "missing_lines": 0, "excluded_lines": 0}, "missing_lines": [], "excluded_lines": []}, "RatelimitIO.__call__": {"executed_lines": [149, 150, 152, 153, 154, 159, 160, 206], "summary": {"covered_lines": 8, "num_statements": 8, "percent_covered": 100.0, "percent_covered_display": "100", "missing_lines": 0, "excluded_lines": 0}, "missing_lines": [], "excluded_lines": []}, "RatelimitIO.__call__.decorator": {"executed_lines": [161, 180, 181, 200], "summary": {"covered_lines": 4, "num_statements": 4, "percent_covered": 100.0, "percent_covered_display": "100", "missing_lines": 0, "excluded_lines": 0}, "missing_lines": [], "excluded_lines": []}, "RatelimitIO.__call__.decorator.async_wrapper": {"executed_lines": [162, 170, 171, 172, 173, 174, 178], "summary": {"covered_lines": 7, "num_statements": 8, "percent_covered": 87.5, "percent_covered_display": "88", "missing_lines": 1, "excluded_lines": 0}, "missing_lines": [175], "excluded_lines": []}, "RatelimitIO.__call__.decorator.sync_wrapper": {"executed_lines": [182, 190, 191, 192, 193, 194, 198], "summary": {"covered_lines": 7, "num_statements": 8, "percent_covered": 87.5, "percent_covered_display": "88", "missing_lines": 1, "excluded_lines": 0}, "missing_lines": [195], "excluded_lines": []}, "RatelimitIO.__enter__": {"executed_lines": [210, 211], "summary": {"covered_lines": 2, "num_statements": 2, "percent_covered": 100.0, "percent_covered_display": "100", "missing_lines": 0, "excluded_lines": 0}, "missing_lines": [], "excluded_lines": []}, "RatelimitIO.__exit__": {"executed_lines": [215], "summary": {"covered_lines": 1, "num_statements": 1, "percent_covered": 100.0, "percent_covered_display": "100", "missing_lines": 0, "excluded_lines": 0}, "missing_lines": [], "excluded_lines": []}, "RatelimitIO.__aenter__": {"executed_lines": [219, 220], "summary": {"covered_lines": 2, "num_statements": 2, "percent_covered": 100.0, "percent_covered_display": "100", "missing_lines": 0, "excluded_lines": 0}, "missing_lines": [], "excluded_lines": []}, "RatelimitIO.__aexit__": {"executed_lines": [224], "summary": {"covered_lines": 1, "num_statements": 1, "percent_covered": 100.0, "percent_covered_display": "100", "missing_lines": 0, "excluded_lines": 0}, "missing_lines": [], "excluded_lines": []}, "RatelimitIO.wait": {"executed_lines": [251, 252, 254, 256, 258, 260, 261, 262, 263, 265, 266, 268, 269, 273, 274], "summary": {"covered_lines": 15, "num_statements": 16, "percent_covered": 93.75, "percent_covered_display": "94", "missing_lines": 1, "excluded_lines": 0}, "missing_lines": [270], "excluded_lines": []}, "RatelimitIO.a_wait": {"executed_lines": [301, 304, 306, 308, 310, 311, 315, 316, 318, 319, 321, 325, 329, 330], "summary": {"covered_lines": 14, "num_statements": 16, "percent_covered": 87.5, "percent_covered_display": "88", "missing_lines": 2, "excluded_lines": 0}, "missing_lines": [302, 326], "excluded_lines": []}, "RatelimitIO._prepare_key": {"executed_lines": [360, 368, 369, 370, 372], "summary": {"covered_lines": 5, "num_statements": 5, "percent_covered": 100.0, "percent_covered_display": "100", "missing_lines": 0, "excluded_lines": 0}, "missing_lines": [], "excluded_lines": []}, "RatelimitIO._enforce_limit_sync": {"executed_lines": [385, 386, 393, 394, 395, 396, 397, 404], "summary": {"covered_lines": 8, "num_statements": 10, "percent_covered": 80.0, "percent_covered_display": "80", "missing_lines": 2, "excluded_lines": 0}, "missing_lines": [405, 406], "excluded_lines": []}, "RatelimitIO._enforce_limit_async": {"executed_lines": [423, 424, 431, 432, 433, 434, 435, 442], "summary": {"covered_lines": 8, "num_statements": 10, "percent_covered": 80.0, "percent_covered_display": "80", "missing_lines": 2, "excluded_lines": 0}, "missing_lines": [443, 444], "excluded_lines": []}, "RatelimitIO._generate_key": {"executed_lines": [458], "summary": {"covered_lines": 1, "num_statements": 1, "percent_covered": 100.0, "percent_covered_display": "100", "missing_lines": 0, "excluded_lines": 0}, "missing_lines": [], "excluded_lines": []}, "RatelimitIO._ensure_script_loaded_sync": {"executed_lines": [462, 465, 466], "summary": {"covered_lines": 3, "num_statements": 3, "percent_covered": 100.0, "percent_covered_display": "100", "missing_lines": 0, "excluded_lines": 0}, "missing_lines": [], "excluded_lines": []}, "RatelimitIO._ensure_script_loaded_async": {"executed_lines": [470, 471, 472], "summary": {"covered_lines": 3, "num_statements": 3, "percent_covered": 100.0, "percent_covered_display": "100", "missing_lines": 0, "excluded_lines": 0}, "missing_lines": [], "excluded_lines": []}, "": {"executed_lines": [1, 2, 3, 4, 5, 7, 8, 9, 10, 11, 14, 15, 17, 27, 28, 38, 59, 75, 79, 80, 82, 129, 208, 213, 217, 222, 226, 276, 332, 374, 410, 448, 460, 468], "summary": {"covered_lines": 31,