{"meta": {"format": 3, "version": "7.6.1", "timestamp": "2025-01-15T13:36:25.642529", "branch_coverage": false, "show_contexts": false}, "files": {"ratelimit_io/__init__.py": {"executed_lines": [1, 2, 3, 5], "summary": {"covered_lines": 4, "num_statements": 4, "percent_covered": 100.0, "percent_covered_display": "100", "missing_lines": 0, "excluded_lines": 0}, "missing_lines": [], "excluded_lines": [], "functions": {"": {"executed_lines": [1, 2, 3, 5], "summary": {"covered_lines": 4, "num_statements": 4, "percent_covered": 100.0, "percent_covered_display": "100", "missing_lines": 0, "excluded_lines": 0}, "missing_lines": [], "excluded_lines": []}}, "classes": {"": {"executed_lines": [1, 2, 3, 5], "summary": {"covered_lines": 4, "num_statements": 4, "percent_covered": 100.0, "percent_covered_display": "100", "missing_lines": 0, "excluded_lines": 0}, "missing_lines": [], "excluded_lines": []}}}, "ratelimit_io/rate_limit.py": {"executed_lines": [1, 2, 3, 4, 5, 6, 8, 9, 10, 11, 12, 13, 16, 17, 19, 24, 25, 26, 29, 30, 40, 47, 48, 50, 51, 52, 53, 55, 56, 61, 68, 69, 70, 71, 72, 73, 74, 75, 77, 78, 81, 84, 85, 87, 108, 109, 111, 112, 113, 114, 115, 117, 132, 133, 135, 155, 156, 158, 159, 165, 166, 167, 168, 173, 180, 181, 182, 183, 184, 188, 190, 191, 192, 197, 204, 205, 206, 207, 208, 212, 214, 220, 222, 224, 225, 227, 229, 231, 233, 234, 236, 238, 240, 265, 267, 269, 270, 271, 272, 274, 275, 277, 278, 282, 283, 285, 310, 312, 314, 315, 316, 317, 319, 320, 322, 323, 327, 328, 330, 347, 348, 350, 355, 361, 366, 368, 370, 372, 383, 384, 391, 392, 393, 394, 395, 402, 408, 421, 422, 429, 430, 431, 432, 433, 440, 446, 456, 458, 460, 463, 464, 466, 468, 469, 470], "summary": {"covered_lines": 152, "num_statements": 164, "percent_covered": 92.6829268292683, "percent_covered_display": "93", "missing_lines": 12, "excluded_lines": 0}, "missing_lines": [160, 174, 185, 198, 209, 279, 324, 369, 403, 404, 441, 442], "excluded_lines": [], "functions": {"RatelimitIOError.__init__": {"executed_lines": [24, 25, 26], "summary": {"covered_lines": 3, "num_statements": 3, "percent_covered": 100.0, "percent_covered_display": "100", "missing_lines": 0, "excluded_lines": 0}, "missing_lines": [], "excluded_lines": []}, "LimitSpec.__init__": {"executed_lines": [47, 48, 50, 51, 52, 53, 55, 56], "summary": {"covered_lines": 8, "num_statements": 8, "percent_covered": 100.0, "percent_covered_display": "100", "missing_lines": 0, "excluded_lines": 0}, "missing_lines": [], "excluded_lines": []}, "LimitSpec.total_seconds": {"executed_lines": [68, 69, 70, 71, 72, 73, 74, 75], "summary": {"covered_lines": 8, "num_statements": 8, "percent_covered": 100.0, "percent_covered_display": "100", "missing_lines": 0, "excluded_lines": 0}, "missing_lines": [], "excluded_lines": []}, "LimitSpec.__str__": {"executed_lines": [78], "summary": {"covered_lines": 1, "num_statements": 1, "percent_covered": 100.0, "percent_covered_display": "100", "missing_lines": 0, "excluded_lines": 0}, "missing_lines": [], "excluded_lines": []}, "RatelimitIO.__init__": {"executed_lines": [108, 109, 111, 112, 113, 114, 115, 117, 132, 133], "summary": {"covered_lines": 10, "num_statements": 10, "percent_covered": 100.0, "percent_covered_display": "100", "missing_lines": 0, "excluded_lines": 0}, "missing_lines": [], "excluded_lines": []}, "RatelimitIO.__call__": {"executed_lines": [155, 156, 158, 159, 165, 166, 220], "summary": {"covered_lines": 7, "num_statements": 8, "percent_covered": 87.5, "percent_covered_display": "88", "missing_lines": 1, "excluded_lines": 0}, "missing_lines": [160], "excluded_lines": []}, "RatelimitIO.__call__.decorator": {"executed_lines": [167, 190, 191, 214], "summary": {"covered_lines": 4, "num_statements": 4, "percent_covered": 100.0, "percent_covered_display": "100", "missing_lines": 0, "excluded_lines": 0}, "missing_lines": [], "excluded_lines": []}, "RatelimitIO.__call__.decorator.async_wrapper": {"executed_lines": [168, 173, 180, 181, 182, 183, 184, 188], "summary": {"covered_lines": 8, "num_statements": 10, "percent_covered": 80.0, "percent_covered_display": "80", "missing_lines": 2, "excluded_lines": 0}, "missing_lines": [174, 185], "excluded_lines": []}, "RatelimitIO.__call__.decorator.sync_wrapper": {"executed_lines": [192, 197, 204, 205, 206, 207, 208, 212], "summary": {"covered_lines": 8, "num_statements": 10, "percent_covered": 80.0, "percent_covered_display": "80", "missing_lines": 2, "excluded_lines": 0}, "missing_lines": [198, 209], "excluded_lines": []}, "RatelimitIO.__enter__": {"executed_lines": [224, 225], "summary": {"covered_lines": 2, "num_statements": 2, "percent_covered": 100.0, "percent_covered_display": "100", "missing_lines": 0, "excluded_lines": 0}, "missing_lines": [], "excluded_lines": []}, "RatelimitIO.__exit__": {"executed_lines": [229], "summary": {"covered_lines": 1, "num_statements": 1, "percent_covered": 100.0, "percent_covered_display": "100", "missing_lines": 0, "excluded_lines": 0}, "missing_lines": [], "excluded_lines": []}, "RatelimitIO.__aenter__": {"executed_lines": [233, 234], "summary": {"covered_lines": 2, "num_statements": 2, "percent_covered": 100.0, "percent_covered_display": "100", "missing_lines": 0, "excluded_lines": 0}, "missing_lines": [], "excluded_lines": []}, "RatelimitIO.__aexit__": {"executed_lines": [238], "summary": {"covered_lines": 1, "num_statements": 1, "percent_covered": 100.0, "percent_covered_display": "100", "missing_lines": 0, "excluded_lines": 0}, "missing_lines": [], "excluded_lines": []}, "RatelimitIO.wait": {"executed_lines": [265, 267, 269, 270, 271, 272, 274, 275, 277, 278, 282, 283], "summary": {"covered_lines": 12, "num_statements": 13, "percent_covered": 92.3076923076923, "percent_covered_display": "92", "missing_lines": 1, "excluded_lines": 0}, "missing_lines": [279], "excluded_lines": []}, "RatelimitIO.a_wait": {"executed_lines": [310, 312, 314, 315, 316, 317, 319, 320, 322, 323, 327, 328], "summary": {"covered_lines": 12, "num_statements": 13, "percent_covered": 92.3076923076923, "percent_covered_display": "92", "missing_lines": 1, "excluded_lines": 0}, "missing_lines": [324], "excluded_lines": []}, "RatelimitIO._prepare_key_and_limit": {"executed_lines": [347, 348, 350, 355, 361, 366, 368, 370], "summary": {"covered_lines": 8, "num_statements": 9, "percent_covered": 88.88888888888889, "percent_covered_display": "89", "missing_lines": 1, "excluded_lines": 0}, "missing_lines": [369], "excluded_lines": []}, "RatelimitIO._enforce_limit_sync": {"executed_lines": [383, 384, 391, 392, 393, 394, 395, 402], "summary": {"covered_lines": 8, "num_statements": 10, "percent_covered": 80.0, "percent_covered_display": "80", "missing_lines": 2, "excluded_lines": 0}, "missing_lines": [403, 404], "excluded_lines": []}, "RatelimitIO._enforce_limit_async": {"executed_lines": [421, 422, 429, 430, 431, 432, 433, 440], "summary": {"covered_lines": 8, "num_statements": 10, "percent_covered": 80.0, "percent_covered_display": "80", "missing_lines": 2, "excluded_lines": 0}, "missing_lines": [441, 442], "excluded_lines": []}, "RatelimitIO._generate_key": {"executed_lines": [456], "summary": {"covered_lines": 1, "num_statements": 1, "percent_covered": 100.0, "percent_covered_display": "100", "missing_lines": 0, "excluded_lines": 0}, "missing_lines": [], "excluded_lines": []}, "RatelimitIO._ensure_script_loaded_sync": {"executed_lines": [460, 463, 464], "summary": {"covered_lines": 3, "num_statements": 3, "percent_covered": 100.0, "percent_covered_display": "100", "missing_lines": 0, "excluded_lines": 0}, "missing_lines": [], "excluded_lines": []}, "RatelimitIO._ensure_script_loaded_async": {"executed_lines": [468, 469, 470], "summary": {"covered_lines": 3, "num_statements": 3, "percent_covered": 100.0, "percent_covered_display": "100", "missing_lines": 0, "excluded_lines": 0}, "missing_lines": [], "excluded_lines": []},