{"meta": {"format": 3, "version": "7.6.1", "timestamp": "2025-01-18T18:15:09.898025", "branch_coverage": false, "show_contexts": false}, "files": {"ratelimit_io/__init__.py": {"executed_lines": [1, 2, 3, 4, 5, 7], "summary": {"covered_lines": 6, "num_statements": 6, "percent_covered": 100.0, "percent_covered_display": "100", "missing_lines": 0, "excluded_lines": 0}, "missing_lines": [], "excluded_lines": [], "functions": {"": {"executed_lines": [1, 2, 3, 4, 5, 7], "summary": {"covered_lines": 6, "num_statements": 6, "percent_covered": 100.0, "percent_covered_display": "100", "missing_lines": 0, "excluded_lines": 0}, "missing_lines": [], "excluded_lines": []}}, "classes": {"": {"executed_lines": [1, 2, 3, 4, 5, 7], "summary": {"covered_lines": 6, "num_statements": 6, "percent_covered": 100.0, "percent_covered_display": "100", "missing_lines": 0, "excluded_lines": 0}, "missing_lines": [], "excluded_lines": []}}}, "ratelimit_io/rate_limit.py": {"executed_lines": [1, 2, 3, 4, 5, 6, 8, 9, 10, 11, 12, 14, 17, 18, 20, 32, 33, 34, 37, 38, 40, 52, 55, 56, 58, 70, 73, 74, 76, 95, 96, 98, 99, 100, 101, 103, 104, 109, 116, 117, 118, 119, 120, 121, 122, 123, 125, 132, 135, 136, 138, 162, 163, 165, 166, 167, 168, 170, 185, 186, 188, 211, 212, 213, 218, 220, 223, 224, 225, 233, 234, 235, 236, 237, 241, 243, 244, 245, 253, 254, 255, 256, 257, 261, 263, 269, 271, 296, 297, 301, 303, 305, 307, 308, 309, 310, 312, 313, 315, 316, 320, 321, 323, 348, 353, 355, 357, 359, 360, 364, 365, 367, 368, 370, 374, 378, 379, 381, 408, 415, 416, 421, 423, 434, 435, 444, 445, 446, 447, 456, 457, 459, 472, 473, 482, 483, 484, 485, 494, 495, 497, 507, 509, 511, 512, 515, 516, 517, 518, 519, 521, 523, 524, 527, 528, 529, 530, 531], "summary": {"covered_lines": 153, "num_statements": 158, "percent_covered": 96.83544303797468, "percent_covered_display": "97", "missing_lines": 5, "excluded_lines": 0}, "missing_lines": [238, 258, 317, 349, 375], "excluded_lines": [], "functions": {"RatelimitIOError.__init__": {"executed_lines": [32, 33, 34], "summary": {"covered_lines": 3, "num_statements": 3, "percent_covered": 100.0, "percent_covered_display": "100", "missing_lines": 0, "excluded_lines": 0}, "missing_lines": [], "excluded_lines": []}, "RatelimitExceededError.__init__": {"executed_lines": [52], "summary": {"covered_lines": 1, "num_statements": 1, "percent_covered": 100.0, "percent_covered_display": "100", "missing_lines": 0, "excluded_lines": 0}, "missing_lines": [], "excluded_lines": []}, "ScriptLoadError.__init__": {"executed_lines": [70], "summary": {"covered_lines": 1, "num_statements": 1, "percent_covered": 100.0, "percent_covered_display": "100", "missing_lines": 0, "excluded_lines": 0}, "missing_lines": [], "excluded_lines": []}, "LimitSpec.__init__": {"executed_lines": [95, 96, 98, 99, 100, 101, 103, 104], "summary": {"covered_lines": 8, "num_statements": 8, "percent_covered": 100.0, "percent_covered_display": "100", "missing_lines": 0, "excluded_lines": 0}, "missing_lines": [], "excluded_lines": []}, "LimitSpec.total_seconds": {"executed_lines": [116, 117, 118, 119, 120, 121, 122, 123], "summary": {"covered_lines": 8, "num_statements": 8, "percent_covered": 100.0, "percent_covered_display": "100", "missing_lines": 0, "excluded_lines": 0}, "missing_lines": [], "excluded_lines": []}, "LimitSpec.__str__": {"executed_lines": [132], "summary": {"covered_lines": 1, "num_statements": 1, "percent_covered": 100.0, "percent_covered_display": "100", "missing_lines": 0, "excluded_lines": 0}, "missing_lines": [], "excluded_lines": []}, "RatelimitIO.__init__": {"executed_lines": [162, 163, 165, 166, 167, 168, 170, 185, 186], "summary": {"covered_lines": 9, "num_statements": 9, "percent_covered": 100.0, "percent_covered_display": "100", "missing_lines": 0, "excluded_lines": 0}, "missing_lines": [], "excluded_lines": []}, "RatelimitIO.__call__": {"executed_lines": [211, 212, 213, 218, 220, 223, 269], "summary": {"covered_lines": 7, "num_statements": 7, "percent_covered": 100.0, "percent_covered_display": "100", "missing_lines": 0, "excluded_lines": 0}, "missing_lines": [], "excluded_lines": []}, "RatelimitIO.__call__.decorator": {"executed_lines": [224, 243, 244, 263], "summary": {"covered_lines": 4, "num_statements": 4, "percent_covered": 100.0, "percent_covered_display": "100", "missing_lines": 0, "excluded_lines": 0}, "missing_lines": [], "excluded_lines": []}, "RatelimitIO.__call__.decorator.async_wrapper": {"executed_lines": [225, 233, 234, 235, 236, 237, 241], "summary": {"covered_lines": 7, "num_statements": 8, "percent_covered": 87.5, "percent_covered_display": "88", "missing_lines": 1, "excluded_lines": 0}, "missing_lines": [238], "excluded_lines": []}, "RatelimitIO.__call__.decorator.sync_wrapper": {"executed_lines": [245, 253, 254, 255, 256, 257, 261], "summary": {"covered_lines": 7, "num_statements": 8, "percent_covered": 87.5, "percent_covered_display": "88", "missing_lines": 1, "excluded_lines": 0}, "missing_lines": [258], "excluded_lines": []}, "RatelimitIO.wait": {"executed_lines": [296, 297, 301, 303, 305, 307, 308, 309, 310, 312, 313, 315, 316, 320, 321], "summary": {"covered_lines": 15, "num_statements": 16, "percent_covered": 93.75, "percent_covered_display": "94", "missing_lines": 1, "excluded_lines": 0}, "missing_lines": [317], "excluded_lines": []}, "RatelimitIO.a_wait": {"executed_lines": [348, 353, 355, 357, 359, 360, 364, 365, 367, 368, 370, 374, 378, 379], "summary": {"covered_lines": 14, "num_statements": 16, "percent_covered": 87.5, "percent_covered_display": "88", "missing_lines": 2, "excluded_lines": 0}, "missing_lines": [349, 375], "excluded_lines": []}, "RatelimitIO._prepare_key": {"executed_lines": [408, 415, 416, 421], "summary": {"covered_lines": 4, "num_statements": 4, "percent_covered": 100.0, "percent_covered_display": "100", "missing_lines": 0, "excluded_lines": 0}, "missing_lines": [], "excluded_lines": []}, "RatelimitIO._enforce_limit_sync": {"executed_lines": [434, 435, 444, 445, 446, 447, 456, 457], "summary": {"covered_lines": 8, "num_statements": 8, "percent_covered": 100.0, "percent_covered_display": "100", "missing_lines": 0, "excluded_lines": 0}, "missing_lines": [], "excluded_lines": []}, "RatelimitIO._enforce_limit_async": {"executed_lines": [472, 473, 482, 483, 484, 485, 494, 495], "summary": {"covered_lines": 8, "num_statements": 8, "percent_covered": 100.0, "percent_covered_display": "100", "missing_lines": 0, "excluded_lines": 0}, "missing_lines": [], "excluded_lines": []}, "RatelimitIO._generate_key": {"executed_lines": [507], "summary": {"covered_lines": 1, "num_statements": 1, "percent_covered": 100.0, "percent_covered_display": "100", "missing_lines": 0, "excluded_lines": 0}, "missing_lines": [], "excluded_lines": []}, "RatelimitIO._ensure_script_loaded_sync": {"executed_lines": [511, 512, 515, 516, 517, 518, 519], "summary": {"covered_lines": 7, "num_statements": 7, "percent_covered": 100.0, "percent_covered_display": "100", "missing_lines": 0, "excluded_lines": 0}, "missing_lines": [], "excluded_lines": []}, "RatelimitIO._ensure_script_loaded_async": {"executed_lines": [523, 524, 527, 528, 529, 530, 531], "summary": {"covered_lines": 7, "num_statements": 7, "percent_covered": 100.0, "percent_covered_display": "100", "missing_lines": 0, "excluded_lines": 0}, "missing_lines": [], "excluded_lines": []}, "": {"executed_lines": [1, 2, 3, 4, 5, 6, 8, 9, 10, 11, 12, 14, 17, 18, 20, 37, 38, 40, 55, 56, 58, 73, 74, 76, 109, 125, 135, 136, 138, 188, 271, 323, 381, 423, 459, 497, 509, 521], "summary": {"covered_lines": 33, "num_statements": 33, "percent_covered": 100.0, "percent_covered_display": "100", "missing_lines": 0, "excluded_lines": 0}, "missing_lines": [], "excluded_lines": []}}, "classes": {"RatelimitIOError": {"executed_lines": [32, 33, 34], "summary": {"covered_lines": 3, "num_statements": 3, "percent_covered": 100.0, "percent_covered_display": "100", "missing_lines": 0, "excluded_lines": 0}, "missing_lines": [],