{"meta": {"format": 3, "version": "7.6.1", "timestamp": "2025-01-16T12:26:30.407254", "branch_coverage": false, "show_contexts": false}, "files": {"ratelimit_io/__init__.py": {"executed_lines": [1, 2, 3, 5], "summary": {"covered_lines": 4, "num_statements": 4, "percent_covered": 100.0, "percent_covered_display": "100", "missing_lines": 0, "excluded_lines": 0}, "missing_lines": [], "excluded_lines": [], "functions": {"": {"executed_lines": [1, 2, 3, 5], "summary": {"covered_lines": 4, "num_statements": 4, "percent_covered": 100.0, "percent_covered_display": "100", "missing_lines": 0, "excluded_lines": 0}, "missing_lines": [], "excluded_lines": []}}, "classes": {"": {"executed_lines": [1, 2, 3, 5], "summary": {"covered_lines": 4, "num_statements": 4, "percent_covered": 100.0, "percent_covered_display": "100", "missing_lines": 0, "excluded_lines": 0}, "missing_lines": [], "excluded_lines": []}}}, "ratelimit_io/rate_limit.py": {"executed_lines": [1, 2, 3, 4, 5, 7, 8, 9, 10, 11, 14, 15, 17, 22, 23, 24, 27, 28, 38, 45, 46, 48, 49, 50, 51, 53, 54, 59, 66, 67, 68, 69, 70, 71, 72, 73, 75, 76, 79, 80, 82, 103, 104, 106, 107, 108, 109, 111, 126, 127, 129, 149, 150, 151, 156, 158, 159, 160, 161, 169, 170, 171, 172, 173, 177, 179, 180, 181, 189, 190, 191, 192, 193, 197, 199, 205, 207, 209, 210, 212, 214, 216, 218, 219, 221, 223, 225, 250, 251, 255, 257, 259, 261, 262, 263, 264, 266, 267, 269, 270, 274, 275, 277, 302, 307, 309, 311, 313, 314, 318, 319, 321, 322, 324, 328, 332, 333, 335, 362, 370, 371, 372, 374, 376, 387, 388, 397, 398, 399, 400, 414, 427, 428, 437, 438, 439, 440, 455, 465, 467, 469, 472, 473, 475, 477, 478, 479], "summary": {"covered_lines": 144, "num_statements": 153, "percent_covered": 94.11764705882354, "percent_covered_display": "94", "missing_lines": 9, "excluded_lines": 0}, "missing_lines": [174, 194, 271, 303, 329, 409, 410, 449, 450], "excluded_lines": [], "functions": {"RatelimitIOError.__init__": {"executed_lines": [22, 23, 24], "summary": {"covered_lines": 3, "num_statements": 3, "percent_covered": 100.0, "percent_covered_display": "100", "missing_lines": 0, "excluded_lines": 0}, "missing_lines": [], "excluded_lines": []}, "LimitSpec.__init__": {"executed_lines": [45, 46, 48, 49, 50, 51, 53, 54], "summary": {"covered_lines": 8, "num_statements": 8, "percent_covered": 100.0, "percent_covered_display": "100", "missing_lines": 0, "excluded_lines": 0}, "missing_lines": [], "excluded_lines": []}, "LimitSpec.total_seconds": {"executed_lines": [66, 67, 68, 69, 70, 71, 72, 73], "summary": {"covered_lines": 8, "num_statements": 8, "percent_covered": 100.0, "percent_covered_display": "100", "missing_lines": 0, "excluded_lines": 0}, "missing_lines": [], "excluded_lines": []}, "LimitSpec.__str__": {"executed_lines": [76], "summary": {"covered_lines": 1, "num_statements": 1, "percent_covered": 100.0, "percent_covered_display": "100", "missing_lines": 0, "excluded_lines": 0}, "missing_lines": [], "excluded_lines": []}, "RatelimitIO.__init__": {"executed_lines": [103, 104, 106, 107, 108, 109, 111, 126, 127], "summary": {"covered_lines": 9, "num_statements": 9, "percent_covered": 100.0, "percent_covered_display": "100", "missing_lines": 0, "excluded_lines": 0}, "missing_lines": [], "excluded_lines": []}, "RatelimitIO.__call__": {"executed_lines": [149, 150, 151, 156, 158, 159, 205], "summary": {"covered_lines": 7, "num_statements": 7, "percent_covered": 100.0, "percent_covered_display": "100", "missing_lines": 0, "excluded_lines": 0}, "missing_lines": [], "excluded_lines": []}, "RatelimitIO.__call__.decorator": {"executed_lines": [160, 179, 180, 199], "summary": {"covered_lines": 4, "num_statements": 4, "percent_covered": 100.0, "percent_covered_display": "100", "missing_lines": 0, "excluded_lines": 0}, "missing_lines": [], "excluded_lines": []}, "RatelimitIO.__call__.decorator.async_wrapper": {"executed_lines": [161, 169, 170, 171, 172, 173, 177], "summary": {"covered_lines": 7, "num_statements": 8, "percent_covered": 87.5, "percent_covered_display": "88", "missing_lines": 1, "excluded_lines": 0}, "missing_lines": [174], "excluded_lines": []}, "RatelimitIO.__call__.decorator.sync_wrapper": {"executed_lines": [181, 189, 190, 191, 192, 193, 197], "summary": {"covered_lines": 7, "num_statements": 8, "percent_covered": 87.5, "percent_covered_display": "88", "missing_lines": 1, "excluded_lines": 0}, "missing_lines": [194], "excluded_lines": []}, "RatelimitIO.__enter__": {"executed_lines": [209, 210], "summary": {"covered_lines": 2, "num_statements": 2, "percent_covered": 100.0, "percent_covered_display": "100", "missing_lines": 0, "excluded_lines": 0}, "missing_lines": [], "excluded_lines": []}, "RatelimitIO.__exit__": {"executed_lines": [214], "summary": {"covered_lines": 1, "num_statements": 1, "percent_covered": 100.0, "percent_covered_display": "100", "missing_lines": 0, "excluded_lines": 0}, "missing_lines": [], "excluded_lines": []}, "RatelimitIO.__aenter__": {"executed_lines": [218, 219], "summary": {"covered_lines": 2, "num_statements": 2, "percent_covered": 100.0, "percent_covered_display": "100", "missing_lines": 0, "excluded_lines": 0}, "missing_lines": [], "excluded_lines": []}, "RatelimitIO.__aexit__": {"executed_lines": [223], "summary": {"covered_lines": 1, "num_statements": 1, "percent_covered": 100.0, "percent_covered_display": "100", "missing_lines": 0, "excluded_lines": 0}, "missing_lines": [], "excluded_lines": []}, "RatelimitIO.wait": {"executed_lines": [250, 251, 255, 257, 259, 261, 262, 263, 264, 266, 267, 269, 270, 274, 275], "summary": {"covered_lines": 15, "num_statements": 16, "percent_covered": 93.75, "percent_covered_display": "94", "missing_lines": 1, "excluded_lines": 0}, "missing_lines": [271], "excluded_lines": []}, "RatelimitIO.a_wait": {"executed_lines": [302, 307, 309, 311, 313, 314, 318, 319, 321, 322, 324, 328, 332, 333], "summary": {"covered_lines": 14, "num_statements": 16, "percent_covered": 87.5, "percent_covered_display": "88", "missing_lines": 2, "excluded_lines": 0}, "missing_lines": [303, 329], "excluded_lines": []}, "RatelimitIO._prepare_key": {"executed_lines": [362, 370, 371, 372, 374], "summary": {"covered_lines": 5, "num_statements": 5, "percent_covered": 100.0, "percent_covered_display": "100", "missing_lines": 0, "excluded_lines": 0}, "missing_lines": [], "excluded_lines": []}, "RatelimitIO._enforce_limit_sync": {"executed_lines": [387, 388, 397, 398, 399, 400], "summary": {"covered_lines": 6, "num_statements": 8, "percent_covered": 75.0, "percent_covered_display": "75", "missing_lines": 2, "excluded_lines": 0}, "missing_lines": [409, 410], "excluded_lines": []}, "RatelimitIO._enforce_limit_async": {"executed_lines": [427, 428, 437, 438, 439, 440], "summary": {"covered_lines": 6, "num_statements": 8, "percent_covered": 75.0, "percent_covered_display": "75", "missing_lines": 2, "excluded_lines": 0}, "missing_lines": [449, 450], "excluded_lines": []}, "RatelimitIO._generate_key": {"executed_lines": [465], "summary": {"covered_lines": 1, "num_statements": 1, "percent_covered": 100.0, "percent_covered_display": "100", "missing_lines": 0, "excluded_lines": 0}, "missing_lines": [], "excluded_lines": []}, "RatelimitIO._ensure_script_loaded_sync": {"executed_lines": [469, 472, 473], "summary": {"covered_lines": 3, "num_statements": 3, "percent_covered": 100.0, "percent_covered_display": "100", "missing_lines": 0, "excluded_lines": 0}, "missing_lines": [], "excluded_lines": []}, "RatelimitIO._ensure_script_loaded_async": {"executed_lines": [477, 478, 479], "summary": {"covered_lines": 3, "num_statements": 3, "percent_covered": 100.0, "percent_covered_display": "100", "missing_lines": 0, "excluded_lines": 0}, "missing_lines": [], "excluded_lines": []}, "": {"executed_lines": [1, 2, 3, 4, 5, 7, 8, 9, 10, 11, 14, 15, 17, 27, 28, 38, 59, 75, 79, 80, 82, 129, 207, 212, 216, 221, 225, 277, 335, 376, 414, 455, 467, 475], "summary": {"covered_lines": 31, "num_statements": 31, "percent_covered": 100.0,